Unnamed: 0.1,index,Unnamed: 0,SMILES,RT,Speed,i-PrOH_proportion,Literature,Column,alpha,beta
286,149,293,CC(C)[C@@H](C(O)=O)c1ccc(cc1)C(C)C,5.7,0.8,0.03,10.1002/anie.202016705,OJ3,1.4912280701754386,2.349397590361445
287,149,292,CC(C)[C@H](C(O)=O)c1ccc(cc1)C(C)C,8.5,0.8,0.03,10.1002/anie.202016705,OJ3,1.4912280701754386,2.349397590361445
414,217,425,CN(C)C(=O)[C@@H](N)c1cc(C)cc(C)c1,6.38,1.0,0.05,10.1002/anie.202202552,OJ3,1.1050156739811912,1.192528735632184
415,217,424,CN(C)C(=O)[C@H](N)c1cc(C)cc(C)c1,7.05,1.0,0.05,10.1002/anie.202202552,OJ3,1.1050156739811912,1.192528735632184
864,470,903,C[C@@H](C(O)=O)c1ccc(cc1)C(F)(F)F,8.12,0.8,0.03,10.1021/acs.orglett.2c00852,OJ3,1.1908866995073892,1.3448275862068968
865,470,902,C[C@H](C(O)=O)c1ccc(cc1)C(F)(F)F,9.67,0.8,0.03,10.1021/acs.orglett.2c00852,OJ3,1.1908866995073892,1.3448275862068968
924,503,965,Cc1cccc(c1)C2=C[C@H](O)CCC2,7.4,0.8,0.1,10.1021/acs.orglett.1c01744,OJ3,1.1216216216216215,1.23841059602649
925,503,966,Cc1cccc(c1)C2=C[C@@H](O)CCC2,8.3,0.8,0.1,10.1021/acs.orglett.1c01744,OJ3,1.1216216216216215,1.23841059602649
1008,548,1053,CN(C)C(=O)[C@@H](N)c1cccc(C)c1,8.56,1.0,0.05,10.1002/anie.202202552,OJ3,1.0794392523364489,1.1201413427561835
1009,548,1052,CN(C)C(=O)[C@H](N)c1cccc(C)c1,9.24,1.0,0.05,10.1002/anie.202202552,OJ3,1.0794392523364489,1.1201413427561835
1066,581,1114,O[C@@H]1CCCC(=C1Br)C2CC2,7.4,0.8,0.1,10.1021/acs.orglett.1c01744,OJ3,1.1756756756756754,1.344370860927152
1067,581,1115,O[C@H]1CCCC(=C1Br)C2CC2,8.7,0.8,0.1,10.1021/acs.orglett.1c01744,OJ3,1.1756756756756754,1.344370860927152
1068,582,1117,C[C@H](Cc1ccccc1Br)C(O)=O,8.7,0.8,0.03,10.1038/s41467/020/17057/z,OJ3,1.057471264367816,1.0985221674876844
1069,582,1116,C[C@@H](Cc1ccccc1Br)C(O)=O,9.2,0.8,0.03,10.1038/s41467/020/17057/z,OJ3,1.057471264367816,1.0985221674876844
1104,603,1155,C[C@H]1CCc2ccc(OCCCCBr)cc2N1,7.1,0.5,0.35,10.1039/C8CC03586E,OJ3,1.23943661971831,2.307692307692309
1105,603,1156,C[C@@H]1CCc2ccc(OCCCCBr)cc2N1,8.8,0.5,0.35,10.1039/C8CC03586E,OJ3,1.23943661971831,2.307692307692309
1174,642,1230,CN(C)C(=O)[C@@H](N)c1sccc1,9.05,1.0,0.1,10.1002/anie.202202552,OJ3,1.1403314917127072,1.2065040650406502
1175,642,1229,CN(C)C(=O)[C@H](N)c1sccc1,10.32,1.0,0.1,10.1002/anie.202202552,OJ3,1.1403314917127072,1.2065040650406502
1212,665,1272,CN(C)C(=O)[C@@H](N)c1ccc(I)cc1,9.19,1.0,0.1,10.1002/anie.202202552,OJ3,1.1773667029379762,1.2591414944356123
1213,665,1271,CN(C)C(=O)[C@H](N)c1ccc(I)cc1,10.82,1.0,0.1,10.1002/anie.202202552,OJ3,1.1773667029379762,1.2591414944356123
1304,720,1373,CN(C)C(=O)[C@@H](N)c1ccc(C)cc1,9.48,1.0,0.05,10.1002/anie.202202552,OJ3,1.1434599156118144,1.206686930091185
1305,720,1372,CN(C)C(=O)[C@H](N)c1ccc(C)cc1,10.84,1.0,0.05,10.1002/anie.202202552,OJ3,1.1434599156118144,1.206686930091185
1328,732,1397,C[C@H](Cc1ccccc1)C(O)=O,9.5,0.8,0.03,10.1038/s41467/020/17057/z,OJ3,1.105263157894737,1.1702127659574466
1329,732,1396,C[C@@H](Cc1ccccc1)C(O)=O,10.5,0.8,0.03,10.1038/s41467/020/17057/z,OJ3,1.105263157894737,1.1702127659574466
1462,805,1537,COc1ccccc1C[C@@H](C)C(O)=O,10.0,0.8,0.03,10.1038/s41467/020/17057/z,OJ3,1.11,1.1725490196078434
1463,805,1536,COc1ccccc1C[C@H](C)C(O)=O,11.1,0.8,0.03,10.1038/s41467/020/17057/z,OJ3,1.11,1.1725490196078434
1474,811,1549,CN(C)C(=O)[C@@H](N)c1ccccc1Cl,10.04,1.0,0.06,10.1002/anie.202202552,OJ3,1.099601593625498,1.1400560224089635
1475,811,1548,CN(C)C(=O)[C@H](N)c1ccccc1Cl,11.04,1.0,0.06,10.1002/anie.202202552,OJ3,1.099601593625498,1.1400560224089635
1498,823,1573,C[C@H](Cc1ccc(Cl)cc1)C(O)=O,10.1,0.8,0.03,10.1038/s41467/020/17057/z,OJ3,1.0396039603960396,1.061776061776062
1499,823,1572,C[C@@H](Cc1ccc(Cl)cc1)C(O)=O,10.5,0.8,0.03,10.1038/s41467/020/17057/z,OJ3,1.0396039603960396,1.061776061776062
1674,919,1757,CCOC(OCC)[C@H](N)c1ccc(OC)c(OC)c1,10.6,0.8,0.1,10.1039/D1CC06601C,OJ3,1.3113207547169812,1.4731182795698925
1675,919,1756,CCOC(OCC)[C@@H](N)c1ccc(OC)c(OC)c1,13.9,0.8,0.1,10.1039/D1CC06601C,OJ3,1.3113207547169812,1.4731182795698925
1700,935,1786,C[C@H](Cc1ccc(F)cc1)C(O)=O,10.7,0.8,0.03,10.1038/s41467/020/17057/z,OJ3,1.1308411214953271,1.1978798586572437
1701,935,1785,C[C@@H](Cc1ccc(F)cc1)C(O)=O,12.1,0.8,0.03,10.1038/s41467/020/17057/z,OJ3,1.1308411214953271,1.1978798586572437
1798,985,1884,O[C@@H]1CCCC(=C1)c2ccccc2,8.9,0.8,0.1,10.1021/acs.orglett.1c01744,OJ3,1.2359550561797752,1.3981042654028435
1799,985,1885,O[C@H]1CCCC(=C1)c2ccccc2,11.0,0.8,0.1,10.1021/acs.orglett.1c01744,OJ3,1.2359550561797752,1.3981042654028435
1866,1020,1954,C[C@H](Cc1ccccc1)C(O)=O,11.12,0.8,0.03,10.1021/acs.orglett.2c00852,OJ3,1.1205035971223023,1.178785857238159
1867,1020,1953,C[C@@H](Cc1ccccc1)C(O)=O,12.46,0.8,0.03,10.1021/acs.orglett.2c00852,OJ3,1.1205035971223023,1.178785857238159
1928,1051,2016,C[C@@H](C(O)=O)c1ccc(Cl)cc1,11.32,0.8,0.03,10.1021/acs.orglett.2c00852,OJ3,1.1775618374558303,1.2612085769980508
1929,1051,2015,C[C@H](C(O)=O)c1ccc(Cl)cc1,13.33,0.8,0.03,10.1021/acs.orglett.2c00852,OJ3,1.1775618374558303,1.2612085769980508
1984,1082,2075,C[C@H](Cc1sccc1)C(O)=O,11.5,0.8,0.03,10.1038/s41467/020/17057/z,OJ3,1.2173913043478262,1.3174603174603174
1985,1082,2074,C[C@@H](Cc1sccc1)C(O)=O,14.0,0.8,0.03,10.1038/s41467/020/17057/z,OJ3,1.2173913043478262,1.3174603174603174
2144,1170,2242,O[C@@H]1CCCC(=C1Br)Cc2ccccc2,9.7,0.8,0.1,10.1021/acs.orglett.1c01744,OJ3,1.2371134020618555,1.3786008230452678
2145,1170,2243,O[C@H]1CCCC(=C1Br)Cc2ccccc2,12.0,0.8,0.1,10.1021/acs.orglett.1c01744,OJ3,1.2371134020618555,1.3786008230452678
2176,1187,2276,CC#CC1=C(Br)[C@@H](O)CCC1,12.1,0.8,0.1,10.1021/acs.orglett.1c01744,OJ3,1.1239669421487604,1.1769911504424782
2177,1187,2275,CC#CC1=C(Br)[C@H](O)CCC1,13.6,0.8,0.1,10.1021/acs.orglett.1c01744,OJ3,1.1239669421487604,1.1769911504424782
2178,1188,2278,CC[C@@H](Oc1ccccc1)C(O)=O,12.1,1.0,0.03,10.1038/s41467/020/17057/z,OJ3,1.3636363636363638,1.4782608695652175
2179,1188,2277,CC[C@H](Oc1ccccc1)C(O)=O,16.5,1.0,0.03,10.1038/s41467/020/17057/z,OJ3,1.3636363636363638,1.4782608695652175
2322,1270,2431,C[C@@H](C(O)=O)c1ccccc1,11.1,0.8,0.03,10.1038/s41467/020/17057/z,OJ3,1.135135135135135,1.20066889632107
2323,1270,2432,C[C@H](C(O)=O)c1ccccc1,12.6,0.8,0.03,10.1038/s41467/020/17057/z,OJ3,1.135135135135135,1.20066889632107
2376,1297,2486,C[C@H](Cc1ccc(C)cc1)C(O)=O,12.8,0.8,0.03,10.1038/s41467/020/17057/z,OJ3,1.0859375,1.1198910081743867
2377,1297,2485,C[C@@H](Cc1ccc(C)cc1)C(O)=O,13.9,0.8,0.03,10.1038/s41467/020/17057/z,OJ3,1.0859375,1.1198910081743867
2436,1329,2548,C[C@H](Cc1ccc(cc1)C(F)(F)F)C(O)=O,13.0,0.5,0.02,10.1038/s41467/020/17057/z,OJ3,1.0461538461538462,1.0833333333333333
2437,1329,2547,C[C@@H](Cc1ccc(cc1)C(F)(F)F)C(O)=O,13.6,0.5,0.02,10.1038/s41467/020/17057/z,OJ3,1.0461538461538462,1.0833333333333333
2478,1351,2591,CC(C)[C@@H](C(O)=O)c1cccc(C)c1,13.2,0.8,0.03,10.1002/anie.202016705,OJ3,1.0984848484848486,1.1357702349869452
2479,1351,2590,CC(C)[C@H](C(O)=O)c1cccc(C)c1,14.5,0.8,0.03,10.1002/anie.202016705,OJ3,1.0984848484848486,1.1357702349869452
2548,1387,2662,C[C@@H](C(O)=O)c1ccccc1C,13.48,0.8,0.05,10.1021/acs.orglett.2c00852,OJ3,1.5719584569732938,1.78234398782344
2549,1387,2661,C[C@H](C(O)=O)c1ccccc1C,21.19,0.8,0.05,10.1021/acs.orglett.2c00852,OJ3,1.5719584569732938,1.78234398782344
2802,1527,2928,COC(=O)[C@@H](C)c1ccc(CC(C)C)cc1,12.97,0.5,0.01,10.1038/s41557/019/0346/2,OJ3,1.1056283731688512,1.1910739191073916
2803,1527,2929,COC(=O)[C@H](C)c1ccc(CC(C)C)cc1,14.34,0.5,0.01,10.1038/s41557/019/0346/2,OJ3,1.1056283731688512,1.1910739191073916
2884,1571,3013,COc1cc2[C@H](C)C[C@H](O)C(=O)c2cc1C,12.27,0.8,0.1,10.1038/s41557/019/0346/2,OJ3,1.1898940505297473,1.26951995373048
2885,1571,3014,COc1cc2[C@@H](C)C[C@H](O)C(=O)c2cc1C,14.6,0.8,0.1,10.1038/s41557/019/0346/2,OJ3,1.1898940505297473,1.26951995373048
2968,1615,3100,CO[C@H](Cc1ccccc1)C(O)=O,14.8,1.0,0.03,10.1038/s41467/020/17057/z,OJ3,1.641891891891892,1.7983193277310925
2969,1615,3099,CO[C@@H](Cc1ccccc1)C(O)=O,24.3,1.0,0.03,10.1038/s41467/020/17057/z,OJ3,1.641891891891892,1.7983193277310925
3048,1656,3181,COc1cccc(C[C@@H](C)C(O)=O)c1,15.1,0.8,0.03,10.1038/s41467/020/17057/z,OJ3,1.225165562913907,1.2962962962962965
3049,1656,3180,COc1cccc(C[C@H](C)C(O)=O)c1,18.5,0.8,0.03,10.1038/s41467/020/17057/z,OJ3,1.225165562913907,1.2962962962962965
3076,1672,3211,COc1cccc(c1)[C@@H](C(C)C)C(O)=O,15.2,0.8,0.02,10.1002/anie.202016705,OJ3,1.381578947368421,1.5010799136069115
3077,1672,3210,COc1cccc(c1)[C@H](C(C)C)C(O)=O,21.0,0.8,0.02,10.1002/anie.202016705,OJ3,1.381578947368421,1.5010799136069115
3148,1710,3285,C[C@@H](C(O)=O)c1ccc(Br)cc1,15.42,0.8,0.03,10.1021/acs.orglett.2c00852,OJ3,1.142023346303502,1.185671894870708
3149,1710,3284,C[C@H](C(O)=O)c1ccc(Br)cc1,17.61,0.8,0.03,10.1021/acs.orglett.2c00852,OJ3,1.142023346303502,1.185671894870708
3300,1791,3442,COC(=O)[C@@H](C)c1ccc(CC(C)C)cc1,16.04,0.5,0.01,10.1038/s41557/019/0346/2,OJ3,1.2655860349127184,1.4160156250000002
3301,1791,3441,COC(=O)[C@H](C)c1ccc(CC(C)C)cc1,20.3,0.5,0.01,10.1038/s41557/019/0346/2,OJ3,1.2655860349127184,1.4160156250000002
3490,1889,3634,OC[C@@H](NC(=O)c1ccccc1)c2ccccc2,14.9,0.8,0.1,10.1039/D1CC06601C,OJ3,1.12751677852349,1.1685144124168514
3491,1889,3635,OC[C@H](NC(=O)c1ccccc1)c2ccccc2,16.8,0.8,0.1,10.1039/D1CC06601C,OJ3,1.12751677852349,1.1685144124168514
3542,1915,3686,CC[C@@H](C#CCc1ccccc1)c2ccccc2,15.5,0.6,0.01,10.1038/s41557/019/0346/2,OJ3,1.0993548387096774,1.144375
3543,1915,3687,CC[C@H](C#CCc1ccccc1)c2ccccc2,17.04,0.6,0.01,10.1038/s41557/019/0346/2,OJ3,1.0993548387096774,1.144375
3622,1963,3775,C[C@H](C#Cc1ccccc1)c2cccc(c2)C(C)=O,17.45,1.0,0.05,10.1038/s41557/019/0346/2,OJ3,1.1621776504297996,1.1945017182130586
3623,1963,3774,C[C@@H](C#Cc1ccccc1)c2cccc(c2)C(C)=O,20.28,1.0,0.05,10.1038/s41557/019/0346/2,OJ3,1.1621776504297996,1.1945017182130586
3678,1991,3830,OC(=O)[C@H]1CCCC[C@H]1c2ccccc2F,15.0,0.5,0.02,10.1002/anie.202016705,OJ3,1.18,1.2934782608695652
3679,1991,3831,OC(=O)[C@@H]1CCCC[C@H]1c2ccccc2F,17.7,0.5,0.02,10.1002/anie.202016705,OJ3,1.18,1.2934782608695652
3840,2077,3997,COc1ccc(C[C@H](C(C)C)C(O)=O)cc1,16.2,0.8,0.03,10.1038/s41467/020/17057/z,OJ3,1.1481481481481484,1.190854870775348
3841,2077,3998,COc1ccc(C[C@@H](C(C)C)C(O)=O)cc1,18.6,0.8,0.03,10.1038/s41467/020/17057/z,OJ3,1.1481481481481484,1.190854870775348
4002,2163,4165,C[C@H](Cc1ccc(Br)cc1)C(O)=O,19.4,0.5,0.02,10.1038/s41467/020/17057/z,OJ3,1.041237113402062,1.0588235294117647
4003,2163,4164,C[C@@H](Cc1ccc(Br)cc1)C(O)=O,20.2,0.5,0.02,10.1038/s41467/020/17057/z,OJ3,1.041237113402062,1.0588235294117647
4012,2168,4175,CC[C@H](C#Cc1ccc2OCOc2c1)c3ccccc3,19.52,1.0,0.01,10.1038/s41557/019/0346/2,OJ3,1.4144467213114753,1.48676293622142
4013,2168,4174,CC[C@@H](C#Cc1ccc2OCOc2c1)c3ccccc3,27.61,1.0,0.01,10.1038/s41557/019/0346/2,OJ3,1.4144467213114753,1.48676293622142
4070,2199,4234,CC(C)[C@H](C(O)=O)c1ccc(Cl)cc1,16.4,0.8,0.02,10.1002/anie.202016705,OJ3,1.207317073170732,1.2661448140900198
4071,2199,4235,CC(C)[C@@H](C(O)=O)c1ccc(Cl)cc1,19.8,0.8,0.02,10.1002/anie.202016705,OJ3,1.207317073170732,1.2661448140900198
4136,2234,4303,C[C@@H](C(O)=O)c1ccccc1F,20.1,0.8,0.03,10.1021/acs.orglett.2c00852,OJ3,1.052238805970149,1.0637329286798176
4137,2234,4302,C[C@H](C(O)=O)c1ccccc1F,21.15,0.8,0.03,10.1021/acs.orglett.2c00852,OJ3,1.052238805970149,1.0637329286798176
4256,2298,4426,C[C@@H](C(O)=O)c1ccccc1C,16.4,0.8,0.03,10.1038/s41467/020/17057/z,OJ3,1.2682926829268295,1.3444227005870844
4257,2298,4427,C[C@H](C(O)=O)c1ccccc1C,20.8,0.8,0.03,10.1038/s41467/020/17057/z,OJ3,1.2682926829268295,1.3444227005870844
4270,2306,4442,COc1ccc(cc1OC)[C@@H](C(C)C)C(O)=O,20.9,0.8,0.02,10.1002/anie.202016705,OJ3,1.813397129186603,1.9840810419681625
4271,2306,4441,COc1ccc(cc1OC)[C@H](C(C)C)C(O)=O,37.9,0.8,0.02,10.1002/anie.202016705,OJ3,1.813397129186603,1.9840810419681625
4338,2343,4512,CC(C)[C@H](C(O)=O)c1ccc(C)c(C)c1,16.7,0.8,0.02,10.1002/anie.202016705,OJ3,1.2694610778443114,1.3441682600382412
4339,2343,4513,CC(C)[C@@H](C(O)=O)c1ccc(C)c(C)c1,21.2,0.8,0.02,10.1002/anie.202016705,OJ3,1.2694610778443114,1.3441682600382412
4340,2344,4515,C[C@@H]1NC(=O)c2ncccc12,21.2,0.8,0.1,10.1021/acs.orglett.0c00669,OJ3,1.099056603773585,1.1194879089615932
4341,2344,4514,C[C@H]1NC(=O)c2ncccc12,23.3,0.8,0.1,10.1021/acs.orglett.0c00669,OJ3,1.099056603773585,1.1194879089615932
4366,2359,4543,OC(=O)[C@@H]1CCCC[C@H]1c2sc3ccccc3c2,21.4,0.8,0.03,10.1002/anie.202016705,OJ3,1.233644859813084,1.2812939521800282
4367,2359,4542,OC(=O)[C@H]1CCCC[C@H]1c2sc3ccccc3c2,26.4,0.8,0.03,10.1002/anie.202016705,OJ3,1.233644859813084,1.2812939521800282
4382,2367,4558,C[C@@H](C(O)=O)c1ccc(F)cc1,16.3,0.8,0.03,10.1038/s41467/020/17057/z,OJ3,1.3190184049079754,1.41025641025641
4383,2367,4559,C[C@H](C(O)=O)c1ccc(F)cc1,21.5,0.8,0.03,10.1038/s41467/020/17057/z,OJ3,1.3190184049079754,1.41025641025641
4522,2441,4703,CC[C@@H](Oc1ccc(Cl)cc1)C(O)=O,22.4,0.5,0.01,10.1038/s41467/020/17057/z,OJ3,1.6651785714285714,1.8975903614457832
4523,2441,4702,CC[C@H](Oc1ccc(Cl)cc1)C(O)=O,37.3,0.5,0.01,10.1038/s41467/020/17057/z,OJ3,1.6651785714285714,1.8975903614457832
4558,2460,4739,OC(=O)[C@H]1CCCC[C@H]1c2ccc(Cl)cc2,20.4,0.5,0.02,10.1002/anie.202016705,OJ3,1.107843137254902,1.1506849315068497
4559,2460,4740,OC(=O)[C@@H]1CCCC[C@H]1c2ccc(Cl)cc2,22.6,0.5,0.02,10.1002/anie.202016705,OJ3,1.107843137254902,1.1506849315068497
4594,2480,4778,COc1cc(OC)cc(c1)[C@@H]2CCCC(=O)N2,22.9,0.8,0.055556,10.1021/acs.orglett.0c00669,OJ3,1.1790393013100438,1.2127107652399485
4595,2480,4777,COc1cc(OC)cc(c1)[C@H]2CCCC(=O)N2,27.0,0.8,0.055556,10.1021/acs.orglett.0c00669,OJ3,1.1790393013100438,1.2127107652399485
4708,2539,4894,C[C@@H](C(O)=O)c1cccc(Cl)c1,23.68,0.5,0.03,10.1021/acs.orglett.2c00852,OJ3,1.1300675675675675,1.1722595078299778
4709,2539,4893,C[C@H](C(O)=O)c1cccc(Cl)c1,26.76,0.5,0.03,10.1021/acs.orglett.2c00852,OJ3,1.1300675675675675,1.1722595078299778
4986,2690,5184,COc1cc2[C@@H](C)CC=Cc2cc1C,26.19,0.3,0.01,10.1038/s41557/019/0346/2,OJ3,1.34860633829706,1.5525519467419808
4987,2690,5183,COc1cc2[C@H](C)CC=Cc2cc1C,35.32,0.3,0.01,10.1038/s41557/019/0346/2,OJ3,1.34860633829706,1.5525519467419808
5164,2782,5364,OC(=O)[C@@H](Cc1ccc(F)cc1)OCc2ccccc2,22.6,0.8,0.03,10.1038/s41467/020/17057/z,OJ3,1.247787610619469,1.2951251646903823
5165,2782,5365,OC(=O)[C@H](Cc1ccc(F)cc1)OCc2ccccc2,28.2,0.8,0.03,10.1038/s41467/020/17057/z,OJ3,1.247787610619469,1.2951251646903823
5234,2819,5437,COc1ccc(C[C@@H](C)C(O)=O)cc1,29.0,0.8,0.03,10.1038/s41467/020/17057/z,OJ3,1.0586206896551724,1.0669950738916256
5235,2819,5436,COc1ccc(C[C@H](C)C(O)=O)cc1,30.7,0.8,0.03,10.1038/s41467/020/17057/z,OJ3,1.0586206896551724,1.0669950738916256
5258,2833,5462,CCOC(OCC)[C@H](NC(=O)c1ccccc1)c2ccc(OC)cc2,20.4,0.8,0.05,10.1039/D1CC06601C,OJ3,1.4362745098039218,1.5305514157973177
5259,2833,5463,CCOC(OCC)[C@@H](NC(=O)c1ccccc1)c2ccc(OC)cc2,29.3,0.8,0.05,10.1039/D1CC06601C,OJ3,1.4362745098039218,1.5305514157973177
5274,2843,5480,OC(=O)[C@H](Cc1ccccc1)c2ccccc2,19.9,0.8,0.03,10.1038/s41467/020/17057/z,OJ3,1.4874371859296485,1.5960061443932416
5275,2843,5481,OC(=O)[C@@H](Cc1ccccc1)c2ccccc2,29.6,0.8,0.03,10.1038/s41467/020/17057/z,OJ3,1.4874371859296485,1.5960061443932416
5340,2879,5549,CC(C)(C)c1ccc(cc1)[C@@H](O)CC[N+]([O-])=O,14.0,1.0,0.1,10.1021/acs.orglett.9b04339,OJ3,2.142857142857143,2.441441441441442
5341,2879,5550,CC(C)(C)c1ccc(cc1)[C@H](O)CC[N+]([O-])=O,30.0,1.0,0.1,10.1021/acs.orglett.9b04339,OJ3,2.142857142857143,2.441441441441442
5370,2894,5580,C[C@H](Cc1ccc(cc1)c2ccccc2)C(O)=O,30.5,0.8,0.03,10.1038/s41467/020/17057/z,OJ3,1.042622950819672,1.0483720930232558
5371,2894,5579,C[C@@H](Cc1ccc(cc1)c2ccccc2)C(O)=O,31.8,0.8,0.03,10.1038/s41467/020/17057/z,OJ3,1.042622950819672,1.0483720930232558
5740,3089,5959,OC(=O)[C@H]1CCCC[C@H]1c2ccc3CCOc3c2,33.0,0.8,0.03,10.1002/anie.202016705,OJ3,1.121212121212121,1.1361702127659574
5741,3089,5960,OC(=O)[C@@H]1CCCC[C@H]1c2ccc3CCOc3c2,37.0,0.8,0.03,10.1002/anie.202016705,OJ3,1.121212121212121,1.1361702127659574
5856,3149,6077,CC(C)[C@H](C(O)=O)c1ccc(C)cc1,22.2,0.8,0.02,10.1002/anie.202016705,OJ3,1.792792792792793,1.9475100942126515
5857,3149,6078,CC(C)[C@@H](C(O)=O)c1ccc(C)cc1,39.8,0.8,0.02,10.1002/anie.202016705,OJ3,1.792792792792793,1.9475100942126515
5910,3178,6134,C[C@H](C(O)=O)c1ccc2ccccc2c1,41.5,0.8,0.03,10.1038/s41467/020/17057/z,OJ3,1.072289156626506,1.079207920792079
5911,3178,6133,C[C@@H](C(O)=O)c1ccc2ccccc2c1,44.5,0.8,0.03,10.1038/s41467/020/17057/z,OJ3,1.072289156626506,1.079207920792079
5976,3213,6201,OC(=O)[C@@H](C1CCCC1)c2ccccc2,34.6,0.8,0.02,10.1002/anie.202016705,OJ3,1.2716763005780347,1.3034705407586762
5977,3213,6202,OC(=O)[C@H](C1CCCC1)c2ccccc2,44.0,0.8,0.02,10.1002/anie.202016705,OJ3,1.2716763005780347,1.3034705407586762
5978,3214,6204,COc1ccc(cc1)[C@@H](C(C)C)C(O)=O,44.0,0.8,0.03,10.1002/anie.202016705,OJ3,1.2886363636363638,1.3145510835913314
5979,3214,6203,COc1ccc(cc1)[C@H](C(C)C)C(O)=O,56.7,0.8,0.03,10.1002/anie.202016705,OJ3,1.2886363636363638,1.3145510835913314
5986,3218,6212,CC(C)CC(C[C@H](C)CC=O)([S](=O)(=O)c1ccccc1)[S](=O)(=O)c2ccccc2,44.3,1.0,0.15,10.1021/acs.orglett.0c01550,OJ3,1.1647855530474045,1.176328502415459
5987,3218,6211,CC(C)CC(C[C@@H](C)CC=O)([S](=O)(=O)c1ccccc1)[S](=O)(=O)c2ccccc2,51.6,1.0,0.15,10.1021/acs.orglett.0c01550,OJ3,1.1647855530474045,1.176328502415459
5990,3220,6215,CC[C@@H](C#Cc1ccc2cc(OC)ccc2c1)c3ccccc3,31.22,1.0,0.02,10.1038/s41557/019/0346/2,OJ3,1.426329276105061,1.4699858757062148
5991,3220,6216,CC[C@H](C#Cc1ccc2cc(OC)ccc2c1)c3ccccc3,44.53,1.0,0.02,10.1038/s41557/019/0346/2,OJ3,1.426329276105061,1.4699858757062148
6010,3230,6235,COc1ccc2cc(ccc2c1)[C@H](C)C(O)=O,37.64,0.8,0.1,10.1021/acs.orglett.2c00852,OJ3,1.2130712008501594,1.2357783330883432
6011,3230,6236,COc1ccc2cc(ccc2c1)[C@@H](C)C(O)=O,45.66,0.8,0.1,10.1021/acs.orglett.2c00852,OJ3,1.2130712008501594,1.2357783330883432
6028,3239,6253,COc1cc(ccc1C)[C@H](C)CCC=O,42.7,0.3,0.01,10.1038/s41557/019/0346/2,OJ3,1.1014051522248245,1.131079717457114
6029,3239,6254,COc1cc(ccc1C)[C@@H](C)CCC=O,47.03,0.3,0.01,10.1038/s41557/019/0346/2,OJ3,1.1014051522248245,1.131079717457114
6160,3311,6392,CC1(C)CN2CC(F)(F)C[C@@]2(C1)c3ccccc3,55.48,0.1,0.0,10.1038/ncomms14841,OJ3,1.392754145638068,1.8228851963746224
6161,3311,6391,CC1(C)CN2CC(F)(F)C[C@]2(C1)c3ccccc3,77.27,0.1,0.0,10.1038/ncomms14841,OJ3,1.392754145638068,1.8228851963746224
6298,3381,6531,COc1ccc2cc(ccc2c1)[C@H](C)C(O)=O,83.0,0.8,0.03,10.1038/s41467/020/17057/z,OJ3,1.1710843373493975,1.1788976377952751
6299,3381,6530,COc1ccc2cc(ccc2c1)[C@@H](C)C(O)=O,97.2,0.8,0.03,10.1038/s41467/020/17057/z,OJ3,1.1710843373493975,1.1788976377952751
6420,3456,6666,CC[C@@H](\C=C\c1ccccc1)c2cccc(C)c2,8.64,1.0,0.01,10.1021/jacs.2c00957,OJ3,1.1666666666666663,1.2508710801393728
6421,3456,6667,CC[C@H](\C=C\c1ccccc1)c2cccc(C)c2,10.08,1.0,0.01,10.1021/jacs.2c00957,OJ3,1.1666666666666663,1.2508710801393728
7206,3939,7543,C[C@H](C#Cc1ccc(cc1)C(F)(F)F)c2cccc3ccccc23,10.9,0.7,0.02,10.1002/anie.202110233,OJ3,1.55045871559633,1.8879492600422827
7207,3939,7542,C[C@@H](C#Cc1ccc(cc1)C(F)(F)F)c2cccc3ccccc23,16.9,0.7,0.02,10.1002/anie.202110233,OJ3,1.55045871559633,1.8879492600422827
7356,4043,7722,CC[C@H](/C=C/c1ccccc1)c2cscc2,11.01,1.0,0.01,10.1021/jacs.2c00957,OJ3,1.3142597638510445,1.4266337854500617
7357,4043,7721,CC[C@@H](/C=C/c1ccccc1)c2cscc2,14.47,1.0,0.01,10.1021/jacs.2c00957,OJ3,1.3142597638510445,1.4266337854500617
8296,4624,8773,COc1ccc(cc1)[C@@H](C)c2cccc(Cl)c2,11.97,0.8,0.05,10.1021/acs.organomet.1c00190,OJ3,1.0685045948203842,1.0982624325943675
8297,4624,8772,COc1ccc(cc1)[C@H](C)c2cccc(Cl)c2,12.79,0.8,0.05,10.1021/acs.organomet.1c00190,OJ3,1.0685045948203842,1.0982624325943675
8374,4675,8862,CC[C@@H](\C=C\c1ccccc1)c2ccc(C)cc2,9.5,1.0,0.01,10.1021/jacs.2c00957,OJ3,1.2642105263157897,1.3803030303030304
8375,4675,8863,CC[C@H](\C=C\c1ccccc1)c2ccc(C)cc2,12.01,1.0,0.01,10.1021/jacs.2c00957,OJ3,1.2642105263157897,1.3803030303030304
8492,4750,8997,CC[C@H](C=C)c1ccccc1,12.15,0.4,0.01,10.1021/jacs.2c00957,OJ3,1.0576131687242798,1.142857142857143
8493,4750,8996,CC[C@@H](C=C)c1ccccc1,12.85,0.4,0.01,10.1021/jacs.2c00957,OJ3,1.0576131687242798,1.142857142857143
8772,4914,9300,CC[C@@H](CCO)c1ccc2ccccc2c1,11.23,0.8,0.1,10.1021/jacs.2c00957,OJ3,1.1113089937666965,1.164365548980934
8773,4914,9301,CC[C@H](CCO)c1ccc2ccccc2c1,12.48,0.8,0.1,10.1021/jacs.2c00957,OJ3,1.1113089937666965,1.164365548980934
9704,5467,10320,C1Cc2ccccc2[C@@H]1\C=C\c3ccccc3,13.6,1.0,0.01,10.1021/jacs.2c00957,OJ3,1.0514705882352942,1.0654205607476637
9705,5467,10319,C1Cc2ccccc2[C@H]1\C=C\c3ccccc3,14.3,1.0,0.01,10.1021/jacs.2c00957,OJ3,1.0514705882352942,1.0654205607476637
10170,5765,10850,CC[C@@H](/C=C/C(C)=C)c1ccccc1,12.08,0.4,0.01,10.1021/jacs.2c00957,OJ3,1.1754966887417218,1.438923395445134
10171,5765,10851,CC[C@H](/C=C/C(C)=C)c1ccccc1,14.2,0.4,0.01,10.1021/jacs.2c00957,OJ3,1.1754966887417218,1.438923395445134
10258,5816,10946,COc1ccc(\C=C\[C@@H](C)c2ccccc2)cc1,14.29,1.0,0.1,10.1021/jacs.2c00957,OJ3,1.244226731980406,1.306409130816506
10259,5816,10945,COc1ccc(\C=C\[C@H](C)c2ccccc2)cc1,17.78,1.0,0.1,10.1021/jacs.2c00957,OJ3,1.244226731980406,1.306409130816506
10324,5855,11017,C1C[C@H](\C=C\c2ccccc2)c3ccccc3S1,12.06,1.0,0.05,10.1021/jacs.2c00957,OJ3,1.1898839137645107,1.25
10325,5855,11018,C1C[C@@H](\C=C\c2ccccc2)c3ccccc3S1,14.35,1.0,0.05,10.1021/jacs.2c00957,OJ3,1.1898839137645107,1.25
10390,5892,11088,OCCCC[C@H](CCc1ccccc1)c2ccccc2,14.41,0.8,0.1,10.1021/jacs.2c00957,OJ3,1.1075641915336571,1.14371812702828
10391,5892,11087,OCCCC[C@@H](CCc1ccccc1)c2ccccc2,15.96,0.8,0.1,10.1021/jacs.2c00957,OJ3,1.1075641915336571,1.14371812702828
10686,6073,11417,CCCCC#C[C@H](CCc1ccccc1)\C=C\c2ccccc2,14.81,0.5,0.01,10.1021/jacs.2c00957,OJ3,1.1228899392302498,1.2019977802441728
10687,6073,11416,CCCCC#C[C@@H](CCc1ccccc1)\C=C\c2ccccc2,16.63,0.5,0.01,10.1021/jacs.2c00957,OJ3,1.1228899392302498,1.2019977802441728
11004,6262,11764,COc1ccc(cc1)[C@H](C)c2ccc(Cl)cc2,14.31,0.8,0.02,10.1021/acs.organomet.1c00190,OJ3,1.0656883298392732,1.0879737950397754
11005,6262,11765,COc1ccc(cc1)[C@@H](C)c2ccc(Cl)cc2,15.25,0.8,0.02,10.1021/acs.organomet.1c00190,OJ3,1.0656883298392732,1.0879737950397754
11160,6345,11926,CC[C@H](\C=C(/C)c1ccccc1)c2ccccc2,15.41,0.5,0.01,10.1021/jacs.2c00957,OJ3,1.2134977287475666,1.3423517169614985
11161,6345,11925,CC[C@@H](\C=C(/C)c1ccccc1)c2ccccc2,18.7,0.5,0.01,10.1021/jacs.2c00957,OJ3,1.2134977287475666,1.3423517169614985
11174,6355,11943,C[C@@H](CCC=C(C)C)C\C=C\C(C)c1c[nH]c2c(C)cccc12,15.46,0.8,0.05,10.31635/ccschem.021.202101472,OJ3,1.2115135834411384,1.276299112801014
11175,6355,11942,C[C@H](CCC=C(C)C)C\C=C\C(C)c1c[nH]c2c(C)cccc12,18.73,0.8,0.05,10.31635/ccschem.021.202101472,OJ3,1.2115135834411384,1.276299112801014
11250,6409,12034,CC[C@@H](\C=C\c1cccc2ccccc12)c3ccccc3,11.37,0.8,0.01,10.1021/jacs.2c00957,OJ3,1.372031662269129,1.5461588121368626
11251,6409,12035,CC[C@H](\C=C\c1cccc2ccccc12)c3ccccc3,15.6,0.8,0.01,10.1021/jacs.2c00957,OJ3,1.372031662269129,1.5461588121368626
12088,6914,12958,CCOC(=O)CCC[C@@H](\C=C\c1ccccc1)c2ccccc2,14.75,1.0,0.05,10.1021/jacs.2c00957,OJ3,1.1403389830508477,1.1746835443037975
12089,6914,12959,CCOC(=O)CCC[C@H](\C=C\c1ccccc1)c2ccccc2,16.82,1.0,0.05,10.1021/jacs.2c00957,OJ3,1.1403389830508477,1.1746835443037975
12210,6984,13089,CC([C@H](CC(=O)c1ccc(Br)cc1)C(F)(F)F)C(C)=O,14.0,0.8,0.03,10.1002/adsc.201700666,OJ3,1.2142857142857142,1.289156626506024
12211,6984,13090,CC([C@@H](CC(=O)c1ccc(Br)cc1)C(F)(F)F)C(C)=O,17.0,0.8,0.03,10.1002/adsc.201700666,OJ3,1.2142857142857142,1.289156626506024
12270,7024,13160,C1CCc2ccccc2[C@@H](C1)\C=C\c3ccccc3,17.09,1.0,0.0,10.1021/jacs.2c00957,OJ3,1.2791105909888825,1.33615221987315
12271,7024,13159,C1CCc2ccccc2[C@H](C1)\C=C\c3ccccc3,21.86,1.0,0.0,10.1021/jacs.2c00957,OJ3,1.2791105909888825,1.33615221987315
12370,7084,13270,C[C@@H](/C=C/c1ccccc1)c2ccccc2,17.24,1.0,0.01,10.1021/jacs.2c00957,OJ3,1.0788863109048723,1.0948396094839612
12371,7084,13269,C[C@H](/C=C/c1ccccc1)c2ccccc2,18.6,1.0,0.01,10.1021/jacs.2c00957,OJ3,1.0788863109048723,1.0948396094839612
13070,7499,14035,COc1ccc(cc1)[C@@H](C)c2ccc3ccccc3c2,18.43,0.8,0.2,10.1021/acs.organomet.1c00190,OJ3,1.1855670103092784,1.231003039513678
13071,7499,14034,COc1ccc(cc1)[C@H](C)c2ccc3ccccc3c2,21.85,0.8,0.2,10.1021/acs.organomet.1c00190,OJ3,1.1855670103092784,1.231003039513678
13244,7614,14236,COc1ccc(cc1)[C@@H](CC(C)C)C#Cc2ccc(cc2)C#N,16.8,0.8,0.03,10.1002/anie.202110233,OJ3,1.119047619047619,1.1518026565464896
13245,7614,14237,COc1ccc(cc1)[C@H](CC(C)C)C#Cc2ccc(cc2)C#N,18.8,0.8,0.03,10.1002/anie.202110233,OJ3,1.119047619047619,1.1518026565464896
13578,7813,14603,COc1ccc(cc1)[C@@H](C)c2cccc(C)c2,19.32,0.8,0.02,10.1021/acs.organomet.1c00190,OJ3,1.1061076604554865,1.130614845492195
13579,7813,14602,COc1ccc(cc1)[C@H](C)c2cccc(C)c2,21.37,0.8,0.02,10.1021/acs.organomet.1c00190,OJ3,1.1061076604554865,1.130614845492195
13582,7815,14606,CC[C@@H](/C=C/C1CC1)c2ccccc2,18.41,0.3,0.01,10.1021/jacs.2c00957,OJ3,1.0505160239000544,1.106366755623332
13583,7815,14607,CC[C@H](/C=C/C1CC1)c2ccccc2,19.34,0.3,0.01,10.1021/jacs.2c00957,OJ3,1.0505160239000544,1.106366755623332
13894,7994,14942,COc1ccc(cc1)[C@@H](C)c2ccncc2,19.91,0.8,0.1,10.1021/acs.organomet.1c00190,OJ3,1.1577096936212958,1.192815474362911
13895,7994,14941,COc1ccc(cc1)[C@H](C)c2ccncc2,23.05,0.8,0.1,10.1021/acs.organomet.1c00190,OJ3,1.1577096936212958,1.192815474362911
14098,8122,15171,BrCC[C@@H](\C=C\c1ccccc1)c2ccccc2,14.98,1.0,0.01,10.1021/jacs.2c00957,OJ3,1.3631508678237652,1.4503311258278149
14099,8122,15172,BrCC[C@H](\C=C\c1ccccc1)c2ccccc2,20.42,1.0,0.01,10.1021/jacs.2c00957,OJ3,1.3631508678237652,1.4503311258278149
14152,8159,15235,CC[C@@H](/C=C/Cc1ccccc1)c2ccccc2,13.52,0.8,0.01,10.1021/jacs.2c00957,OJ3,1.522189349112426,1.7134916624557854
14153,8159,15236,CC[C@H](/C=C/Cc1ccccc1)c2ccccc2,20.58,0.8,0.01,10.1021/jacs.2c00957,OJ3,1.522189349112426,1.7134916624557854
14394,8311,15508,CC[C@@H](/C=C/C1=CCCCC1)c2ccccc2,16.09,0.5,0.01,10.1021/jacs.2c00957,OJ3,1.3082660037290244,1.4820213799805635
14395,8311,15509,CC[C@H](/C=C/C1=CCCCC1)c2ccccc2,21.05,0.5,0.01,10.1021/jacs.2c00957,OJ3,1.3082660037290244,1.4820213799805635
14874,8607,16045,CCCCC[C@H](C=C)c1ccc(cc1)c2ccc(cc2)C(=O)OC,22.14,0.6,0.01,10.1021/jacs.2c00957,OJ3,1.1156278229448962,1.1479198767334358
14875,8607,16044,CCCCC[C@@H](C=C)c1ccc(cc1)c2ccc(cc2)C(=O)OC,24.7,0.6,0.01,10.1021/jacs.2c00957,OJ3,1.1156278229448962,1.1479198767334358
15180,8802,16392,CC[C@@H](/C=C/COC(C)=O)c1ccccc1,16.22,0.8,0.01,10.1021/jacs.2c00957,OJ3,1.4180024660912456,1.5383088527193334
15181,8802,16393,CC[C@H](/C=C/COC(C)=O)c1ccccc1,23.0,0.8,0.01,10.1021/jacs.2c00957,OJ3,1.4180024660912456,1.5383088527193334
15408,8948,16652,CC(C)Cc1ccc(cc1)[C@@H](C)C#Cc2ccc(cc2)C#N,21.3,0.7,0.02,10.1002/anie.202110233,OJ3,1.112676056338028,1.1398834304746044
15409,8948,16653,CC(C)Cc1ccc(cc1)[C@H](C)C#Cc2ccc(cc2)C#N,23.7,0.7,0.02,10.1002/anie.202110233,OJ3,1.112676056338028,1.1398834304746044
15508,9009,16763,CC[C@@H](\C=C\c1ccccc1)c2cccc(OC)c2,16.84,1.0,0.01,10.1021/jacs.2c00957,OJ3,1.4228028503562946,1.5107604017216645
15509,9009,16764,CC[C@H](\C=C\c1ccccc1)c2cccc(OC)c2,23.96,1.0,0.01,10.1021/jacs.2c00957,OJ3,1.4228028503562946,1.5107604017216645
15770,9180,17065,COc1ccc(cc1)[C@H](C)c2ccc(F)cc2,16.46,0.8,0.02,10.1021/acs.organomet.1c00190,OJ3,1.5115431348724178,1.6560186988702763
15771,9180,17066,COc1ccc(cc1)[C@@H](C)c2ccc(F)cc2,24.88,0.8,0.02,10.1021/acs.organomet.1c00190,OJ3,1.5115431348724178,1.6560186988702763
16240,9489,17609,CC[C@@H](\C=C\CO)c1ccccc1,23.12,0.8,0.02,10.1021/jacs.2c00957,OJ3,1.1457612456747404,1.1728648371377275
16241,9489,17610,CC[C@H](\C=C\CO)c1ccccc1,26.49,0.8,0.02,10.1021/jacs.2c00957,OJ3,1.1457612456747404,1.1728648371377275
16390,9589,17784,CC[C@@H](\C=C\c1ccncc1)c2ccccc2,14.04,1.0,0.05,10.1021/jacs.2c00957,OJ3,1.9344729344729343,2.1777378815080795
16391,9589,17785,CC[C@H](\C=C\c1ccncc1)c2ccccc2,27.16,1.0,0.05,10.1021/jacs.2c00957,OJ3,1.9344729344729343,2.1777378815080795
16496,9661,17909,ClCCC[C@@H](\C=C\c1ccccc1)c2ccccc2,22.98,1.0,0.01,10.1021/jacs.2c00957,OJ3,1.2053959965187118,1.235059760956175
16497,9661,17910,ClCCC[C@H](\C=C\c1ccccc1)c2ccccc2,27.7,1.0,0.01,10.1021/jacs.2c00957,OJ3,1.2053959965187118,1.235059760956175
16834,9868,18285,CC[C@@H](/C=C/CSc1ccccc1)c2ccccc2,19.78,0.8,0.01,10.1021/jacs.2c00957,OJ3,1.4752275025278057,1.5818632002476014
16835,9868,18286,CC[C@H](/C=C/CSc1ccccc1)c2ccccc2,29.18,0.8,0.01,10.1021/jacs.2c00957,OJ3,1.4752275025278057,1.5818632002476014
16898,9909,18358,CC[C@@H](/C=C/c1ccc(F)cc1)c2ccccc2,20.06,0.8,0.01,10.1021/jacs.2c00957,OJ3,1.4695912263210371,1.573167021600244
16899,9909,18359,CC[C@H](/C=C/c1ccc(F)cc1)c2ccccc2,29.48,0.8,0.01,10.1021/jacs.2c00957,OJ3,1.4695912263210371,1.573167021600244
17078,10023,18562,CC[C@@H](\C=C\c1cccnc1)c2ccccc2,27.19,0.8,0.01,10.1021/jacs.2c00957,OJ3,1.105553512320706,1.1217907914279652
17079,10023,18563,CC[C@H](\C=C\c1cccnc1)c2ccccc2,30.06,0.8,0.01,10.1021/jacs.2c00957,OJ3,1.105553512320706,1.1217907914279652
17102,10037,18588,CC[C@@H](\C=C\c1cscc1)c2ccccc2,25.67,1.0,0.01,10.1021/jacs.2c00957,OJ3,1.1745227892481496,1.196750109793588
17103,10037,18589,CC[C@H](\C=C\c1cscc1)c2ccccc2,30.15,1.0,0.01,10.1021/jacs.2c00957,OJ3,1.1745227892481496,1.196750109793588
17118,10048,18607,CC[C@@H](/C=C/c1ccc(C)cc1)c2ccccc2,19.33,0.8,0.01,10.1021/jacs.2c00957,OJ3,1.5654423176409729,1.6959567016873611
17119,10048,18608,CC[C@H](/C=C/c1ccc(C)cc1)c2ccccc2,30.26,0.8,0.01,10.1021/jacs.2c00957,OJ3,1.5654423176409729,1.6959567016873611
17244,10136,18758,CC[C@@H](/C=C/c1ccccc1)c2ccc3ccccc3c2,26.93,1.0,0.01,10.1021/jacs.2c00957,OJ3,1.1463052357965096,1.1639617145235124
17245,10136,18759,CC[C@H](/C=C/c1ccccc1)c2ccc3ccccc3c2,30.87,1.0,0.01,10.1021/jacs.2c00957,OJ3,1.1463052357965096,1.1639617145235124
17648,10411,19235,CC[C@@H](/C=C/COc1ccccc1)c2ccccc2,24.87,0.8,0.01,10.1021/jacs.2c00957,OJ3,1.3413751507840772,1.3996234408096022
17649,10411,19236,CC[C@H](/C=C/COc1ccccc1)c2ccccc2,33.36,0.8,0.01,10.1021/jacs.2c00957,OJ3,1.3413751507840772,1.3996234408096022
17812,10527,19433,COc1ccc(cc1)[C@H](C)c2cccc(c2)C#N,31.39,0.8,0.1,10.1021/acs.organomet.1c00190,OJ3,1.1064033131570563,1.120295335854493
17813,10527,19434,COc1ccc(cc1)[C@@H](C)c2cccc(c2)C#N,34.73,0.8,0.1,10.1021/acs.organomet.1c00190,OJ3,1.1064033131570563,1.120295335854493
17882,10575,19517,O=C(CCC[C@H](\C=C\c1ccccc1)c2ccccc2)c3ccccc3,35.2,0.8,0.1,10.1021/jacs.2c00957,OJ3,1.3369318181818182,1.375613618368963
17883,10575,19516,O=C(CCC[C@@H](\C=C\c1ccccc1)c2ccccc2)c3ccccc3,47.06,0.8,0.1,10.1021/jacs.2c00957,OJ3,1.3369318181818182,1.375613618368963
18306,10833,19986,C[C@@H](\C=C\c1cccc(C)c1)C#Cc2ccc(cc2)C#N,31.1,0.5,0.05,10.1002/anie.202110233,OJ3,1.2636655948553053,1.3241106719367588
18307,10833,19987,C[C@H](\C=C\c1cccc(C)c1)C#Cc2ccc(cc2)C#N,39.3,0.5,0.05,10.1002/anie.202110233,OJ3,1.2636655948553053,1.3241106719367588
18344,10857,20029,CC[C@@H](\C=C\c1ccc2ccccc2c1)c3ccccc3,33.5,0.8,0.01,10.1021/jacs.2c00957,OJ3,1.1850746268656718,1.2075313807531385
18345,10857,20030,CC[C@H](\C=C\c1ccc2ccccc2c1)c3ccccc3,39.7,0.8,0.01,10.1021/jacs.2c00957,OJ3,1.1850746268656718,1.2075313807531385
18548,10982,20256,COC(=O)c1ccc2[C@H]3CCO[C@H]3N(c2c1)[S](=O)(=O)c4ccc(C)cc4,21.1,0.8,0.4,10.1039/D0SC01391A,OJ3,1.895734597156398,2.081545064377682
18549,10982,20257,COC(=O)c1ccc2[C@@H]3CCO[C@H]3N(c2c1)[S](=O)(=O)c4ccc(C)cc4,40.0,0.8,0.4,10.1039/D0SC01391A,OJ3,1.895734597156398,2.081545064377682
18602,11015,20316,CC[C@@H](\C=C\c1ccccc1)C#Cc2ccc(cc2)C#N,31.6,0.5,0.05,10.1002/anie.202110233,OJ3,1.2879746835443038,1.3527131782945738
18603,11015,20317,CC[C@H](\C=C\c1ccccc1)C#Cc2ccc(cc2)C#N,40.7,0.5,0.05,10.1002/anie.202110233,OJ3,1.2879746835443038,1.3527131782945738
19330,11501,21167,CC[C@H](/C=C/c1ccccc1)c2csc3ccccc23,5.65,1.0,0.01,10.1021/jacs.2c00957,OJ3,1.0973451327433628,1.2
19331,11501,21166,CC[C@@H](/C=C/c1ccccc1)c2csc3ccccc23,6.2,1.0,0.01,10.1021/jacs.2c00957,OJ3,1.0973451327433628,1.2
20530,12304,22569,CC[C@@H](\C=C\c1sccc1)c2ccccc2,58.31,0.25,0.01,10.1021/jacs.2c00957,OJ3,1.0783742068255875,1.0978377221151787
20531,12304,22570,CC[C@H](\C=C\c1sccc1)c2ccccc2,62.88,0.25,0.01,10.1021/jacs.2c00957,OJ3,1.0783742068255875,1.0978377221151787
20624,12379,22692,CC1(C)OB(OC1(C)C)[C@](C)(CC(=O)c2sc3ccccc3c2)C(F)(F)F,7.0,0.8,0.03,10.1021/acscatal.8b02543,OJ3,2.128571428571429,3.340740740740741
20625,12379,22691,CC1(C)OB(OC1(C)C)[C@@](C)(CC(=O)c2sc3ccccc3c2)C(F)(F)F,14.9,0.8,0.03,10.1021/acscatal.8b02543,OJ3,2.128571428571429,3.340740740740741
20628,12383,22697,CC1(C)OB(OC1(C)C)[C@@](C)(CC(=O)CCc2ccccc2)C(F)(F)F,5.9,0.8,0.03,10.1021/acscatal.8b02543,OJ3,1.1864406779661016,1.4835164835164834
20629,12383,22698,CC1(C)OB(OC1(C)C)[C@](C)(CC(=O)CCc2ccccc2)C(F)(F)F,7.0,0.8,0.03,10.1021/acscatal.8b02543,OJ3,1.1864406779661016,1.4835164835164834
21406,12869,23573,CC[C@H](C=C)c1ccc2ccccc2c1,7.93,1.0,0.01,10.1021/jacs.2c00957,OJ3,1.0819672131147542,1.1292246520874751
21407,12869,23572,CC[C@@H](C=C)c1ccc2ccccc2c1,8.58,1.0,0.01,10.1021/jacs.2c00957,OJ3,1.0819672131147542,1.1292246520874751
21948,13230,24205,CC(C)[C@H](\C=C\c1ccccc1)c2ccccc2,8.49,1.0,0.01,10.1021/jacs.2c00957,OJ3,1.1307420494699645,1.1985688729874775
21949,13230,24204,CC(C)[C@@H](\C=C\c1ccccc1)c2ccccc2,9.6,1.0,0.01,10.1021/jacs.2c00957,OJ3,1.1307420494699645,1.1985688729874775
22588,13621,24915,CC[C@@H](N1CCOCC1)C(=O)OC(C)(C)c2ccccc2,6.43,1.0,0.05,10.1126/science.aaw9939,OJ3,1.4199066874027997,1.764872521246459
22589,13621,24916,CC[C@H](N1CCOCC1)C(=O)OC(C)(C)c2ccccc2,9.13,1.0,0.05,10.1126/science.aaw9939,OJ3,1.4199066874027997,1.764872521246459
23298,14057,25706,C[C@H](NCc1ccccc1)C(=O)OC(C)(C)c2ccccc2,7.46,1.0,0.1,10.1126/science.aaw9939,OJ3,1.3230563002680964,1.528508771929824
23299,14057,25707,C[C@@H](NCc1ccccc1)C(=O)OC(C)(C)c2ccccc2,9.87,1.0,0.1,10.1126/science.aaw9939,OJ3,1.3230563002680964,1.528508771929824
